symbol,company_name,original_daily_response,historical_work,history_units,failed_history_units
786R,786 Investment (Right),absent_from_2026-08-13_source_table,never_queued,0,0
AAL,Agro Allianz Limited,absent_from_2026-08-13_source_table,never_queued,0,0
AASM,Al-Abid Silk Mills Limited,absent_from_2026-08-13_source_table,never_queued,0,0
ABSON,Abson Industries Limited,absent_from_2026-08-13_source_table,never_queued,0,0
ADOS,Ados Pakistan Limited,absent_from_2026-08-13_source_table,never_queued,0,0
ADTM,Adil Textile Mills Limited,absent_from_2026-08-13_source_table,never_queued,0,0
AGICR2,Askari General Insurance Co.Ltd.(Right),absent_from_2026-08-13_source_table,never_queued,0,0
AGLNCPS,Agritech Non-Voting (Pref) Class A,rejected_close_below_reported_low,never_queued,0,0
AKDCL,AKD Capital Limited,absent_from_2026-08-13_source_table,never_queued,0,0
AKZO,Akzo Nobel Pakistan Limited,absent_from_2026-08-13_source_table,failed_no_validated_OHLCV,62,61
ALQT,Al-Qadir Textile Mills Limited,absent_from_2026-08-13_source_table,never_queued,0,0
AMSL,Al-Mal Securities & Services Limited,absent_from_2026-08-13_source_table,never_queued,0,0
ANNT,Annoor Textile Mills Limited,absent_from_2026-08-13_source_table,never_queued,0,0
APOT,Apollo Textile Mills Limited,absent_from_2026-08-13_source_table,never_queued,0,0
AQTM,Al-Qaim Textile Mills Limited,absent_from_2026-08-13_source_table,never_queued,0,0
ARM,Allied Rental Modaraba,absent_from_2026-08-13_source_table,never_queued,0,0
ASCR1,AL-Shaheer (R),absent_from_2026-08-13_source_table,never_queued,0,0
ASRL,Associated Services Limited,absent_from_2026-08-13_source_table,never_queued,0,0
AWTX,Allawasaya Tex. & Finishing Mills Ltd,absent_from_2026-08-13_source_table,never_queued,0,0
AWWAL,Awwal Modaraba,absent_from_2026-08-13_source_table,never_queued,0,0
AYTM,Ayesha Textile Mills Limited,absent_from_2026-08-13_source_table,never_queued,0,0
AYZT,Ayaz Textile Mills Limited,absent_from_2026-08-13_source_table,never_queued,0,0
AZMT,Azmat Textile Mills Limited,absent_from_2026-08-13_source_table,never_queued,0,0
AZTM,Al-Azhar Textile Mills Limited,absent_from_2026-08-13_source_table,never_queued,0,0
BCML,Babri Cotton Mills Limited,absent_from_2026-08-13_source_table,never_queued,0,0
BEEM,Beema-Pakistan Company Limited,absent_from_2026-08-13_source_table,never_queued,0,0
BIIC,Business & Industrial Insurance Company,absent_from_2026-08-13_source_table,never_queued,0,0
BILF,Bilal Fibres Limited,absent_from_2026-08-13_source_table,never_queued,0,0
BIPLS,BIPL Securities Limited,absent_from_2026-08-13_source_table,never_queued,0,0
BPBL,Balochistan Particle Board Limited,absent_from_2026-08-13_source_table,never_queued,0,0
BROT,Brothers Textile Mills Limited,absent_from_2026-08-13_source_table,never_queued,0,0
BRR,B.R.R. Guardian Modaraba,absent_from_2026-08-13_source_table,never_queued,0,0
CASH,Calcorp Limited,absent_from_2026-08-13_source_table,never_queued,0,0
CECL,Climax Engineering Company Limited,absent_from_2026-08-13_source_table,never_queued,0,0
CLOUD,Chakwal Spinning Mills Limited,absent_from_2026-08-13_source_table,never_queued,0,0
COST,(Colony) Sarhad Textile Mills Limited,absent_from_2026-08-13_source_table,never_queued,0,0
COTT,COTT,absent_from_2026-08-13_source_table,never_queued,0,0
CPAL,Capital Assets Leasing Corporation,absent_from_2026-08-13_source_table,failed_no_validated_OHLCV,62,61
CSILR3,Crescent Star Insurance Limited (Right),absent_from_2026-08-13_source_table,never_queued,0,0
CSM,Cresent Standard Modaraba,absent_from_2026-08-13_source_table,never_queued,0,0
CWSM,Chakwal Spinning Mills Limited,absent_from_2026-08-13_source_table,never_queued,0,0
DATM,Data Textiles Limited,absent_from_2026-08-13_source_table,never_queued,0,0
DBSL,Dadabhoy Sack Limited,absent_from_2026-08-13_source_table,never_queued,0,0
DCM,Dawood Capital Management Limited,absent_from_2026-08-13_source_table,never_queued,0,0
DCTL,Dadabhoy Construction Technology Limited,absent_from_2026-08-13_source_table,never_queued,0,0
DHPL,DH Partners Limited,absent_from_2026-08-13_source_table,never_queued,0,0
DKTM,Dewan Khalid Textile Mills Limited,absent_from_2026-08-13_source_table,never_queued,0,0
DMIL,D.M. Industries Limited,absent_from_2026-08-13_source_table,never_queued,0,0
DMTM,Dewan Mushtaq Textile Mills Limited,absent_from_2026-08-13_source_table,never_queued,0,0
DMTX,D.M. Textile Mills Limited,absent_from_2026-08-13_source_table,never_queued,0,0
DOLCPS,Descon Oxychem Limited (12%Non-Voting Pref),absent_from_2026-08-13_source_table,never_queued,0,0
DOMF,Dominion Stock Fund Limited,absent_from_2026-08-13_source_table,never_queued,0,0
DSFL,Dewan Salman Fibre Limited,absent_from_2026-08-13_source_table,never_queued,0,0
DSML,Dar-es-Salaam Textile Mills Limited,absent_from_2026-08-13_source_table,never_queued,0,0
EFGH,EFG Hermes Pakistan Limited,absent_from_2026-08-13_source_table,never_queued,0,0
EFOODS,Engro Foods Limited,absent_from_2026-08-13_source_table,never_queued,0,0
ENGL,English Leasing Limited,absent_from_2026-08-13_source_table,never_queued,0,0
ENGRO,Engro Corporation Limited,absent_from_2026-08-13_source_table,never_queued,0,0
EPCLR1,EPCLR1,absent_from_2026-08-13_source_table,never_queued,0,0
EWICR1,East West (R),absent_from_2026-08-13_source_table,never_queued,0,0
EWLA,East West Life Assurance Company Limited,absent_from_2026-08-13_source_table,never_queued,0,0
EXTR,Extraction (Pakistan) Limited,absent_from_2026-08-13_source_table,never_queued,0,0
FAEL,Fatima Enterprises Limited,absent_from_2026-08-13_source_table,never_queued,0,0
FCONM,First Constellation Modaraba,absent_from_2026-08-13_source_table,never_queued,0,0
FDIBL,First Dawood Investment Bank Limited,absent_from_2026-08-13_source_table,never_queued,0,0
FDMF,First Dawood Mutual Fund,absent_from_2026-08-13_source_table,never_queued,0,0
FFLNV,FFLNV,absent_from_2026-08-13_source_table,never_queued,0,0
FFLR1,Fauji Foods Ltd(R),absent_from_2026-08-13_source_table,never_queued,0,0
FIM,First Investec Modaraba,absent_from_2026-08-13_source_table,never_queued,0,0
FLYNGR1,Flying Cement(R),absent_from_2026-08-13_source_table,never_queued,0,0
FNBM,First National Bank Modaraba,absent_from_2026-08-13_source_table,never_queued,0,0
FTHM,Fateh Textile Mills Limited,absent_from_2026-08-13_source_table,never_queued,0,0
FUDLM,First UDL Modaraba,absent_from_2026-08-13_source_table,never_queued,0,0
GAIL,Ghani Automobile Industries Limited,absent_from_2026-08-13_source_table,never_queued,0,0
GAILR1,GAILR1,absent_from_2026-08-13_source_table,never_queued,0,0
GASF,Golden Arrow Selected Stocks,absent_from_2026-08-13_source_table,never_queued,0,0
GCILB,Ghani Chemical Industries Limited (B),absent_from_2026-08-13_source_table,never_queued,0,0
GCWLR,Ghani Chemworld Limited Right,absent_from_2026-08-13_source_table,never_queued,0,0
GENP,Genertech Pakistan Limited,absent_from_2026-08-13_source_table,never_queued,0,0
GGGLR1,Ghani Global(R),absent_from_2026-08-13_source_table,never_queued,0,0
GGLR1,Ghani Global(R),absent_from_2026-08-13_source_table,never_queued,0,0
GHGLR1,GHGLR1,absent_from_2026-08-13_source_table,never_queued,0,0
GHNL,Ghandhara Nissan Limited,absent_from_2026-08-13_source_table,never_queued,0,0
GIL,Good Luck Industries Ltd.,absent_from_2026-08-13_source_table,never_queued,0,0
GLAT,Glamour Textile Mills Limited,absent_from_2026-08-13_source_table,never_queued,0,0
GLOT,Globe Textile Mills Limited,absent_from_2026-08-13_source_table,never_queued,0,0
GLPL,Gillette Pakistan Limited,absent_from_2026-08-13_source_table,never_queued,0,0
GOEM,Globe Textile Mills (OE) Limited,absent_from_2026-08-13_source_table,never_queued,0,0
GSKCH,GlaxoSmithKline Consumer Healthcare,absent_from_2026-08-13_source_table,never_queued,0,0
GTECH,G3 Technologies Limited,absent_from_2026-08-13_source_table,never_queued,0,0
GTECHBR,G3 Technologies Ltd.CLASS B,absent_from_2026-08-13_source_table,never_queued,0,0
GUTM,Gulistan Textile Mills Limited,absent_from_2026-08-13_source_table,never_queued,0,0
HACC,Hashimi Can Company Limited,absent_from_2026-08-13_source_table,never_queued,0,0
HADC,Haydari Construction Company Limited,absent_from_2026-08-13_source_table,never_queued,0,0
HAJT,Hajra Textile Mills Limited,absent_from_2026-08-13_source_table,never_queued,0,0
HAL,Habib-ADM Limited,absent_from_2026-08-13_source_table,never_queued,0,0
HASCOLR1,Hascol Petre(R),absent_from_2026-08-13_source_table,never_queued,0,0
HATM,Hamid Textile Mills Limited,absent_from_2026-08-13_source_table,never_queued,0,0
HKKT,Hakkim Textile Mills Limited,absent_from_2026-08-13_source_table,never_queued,0,0
HMICL,Hallmark Insurance Company Limited,absent_from_2026-08-13_source_table,never_queued,0,0
HMIM,Haji Mohammad Ismail Mills Limited,absent_from_2026-08-13_source_table,never_queued,0,0
HMM,Habib Metro Mod,absent_from_2026-08-13_source_table,never_queued,0,0
HSMCPS,Husein Sugar(Pref),absent_from_2026-08-13_source_table,never_queued,0,0
HSMPSR,Husein Sugar(R),absent_from_2026-08-13_source_table,never_queued,0,0
HSMR1,HSMR1,absent_from_2026-08-13_source_table,never_queued,0,0
HSPI,Huffaz Seamless Pipe Industries Limited,absent_from_2026-08-13_source_table,never_queued,0,0
ICCT,ICC Textiles Limited,absent_from_2026-08-13_source_table,failed_no_validated_OHLCV,61,61
ICI,ICI Pakistan Limited,absent_from_2026-08-13_source_table,never_queued,0,0
ICLR1,ICLR1,absent_from_2026-08-13_source_table,never_queued,0,0
IDSM,Ideal Spinning Mills Limited,absent_from_2026-08-13_source_table,never_queued,0,0
IFSL,Invest & Finance Securities Limited,absent_from_2026-08-13_source_table,never_queued,0,0
IGIBL,IGI Investment Bank Limited,absent_from_2026-08-13_source_table,never_queued,0,0
IGIIL,IGI Insurance Limited,absent_from_2026-08-13_source_table,never_queued,0,0
ILTM,Island Textile Mills Limited,absent_from_2026-08-13_source_table,never_queued,0,0
IMAGER1,Image Pak Ltd(R),absent_from_2026-08-13_source_table,never_queued,0,0
IMSL,Imperial Sugar Limited,absent_from_2026-08-13_source_table,never_queued,0,0
INL,INL,absent_from_2026-08-13_source_table,never_queued,0,0
INMF,Investec Mutual Fund Limited,absent_from_2026-08-13_source_table,never_queued,0,0
ISHT,Ishtiaq Textile Mills Limited,absent_from_2026-08-13_source_table,never_queued,0,0
ISTM,Ishaq Textile Mills Limited,absent_from_2026-08-13_source_table,failed_no_validated_OHLCV,61,61
ITSL,Investec Securities Limited,absent_from_2026-08-13_source_table,never_queued,0,0
JOPP,Johnson & Phillips (Pakistan) Limited,absent_from_2026-08-13_source_table,never_queued,0,0
JOVC,Javed Omer Vohra & Company Limited,absent_from_2026-08-13_source_table,never_queued,0,0
JPGL,Japan Power Generation Limited,absent_from_2026-08-13_source_table,failed_no_validated_OHLCV,61,61
JSBLR1,JS Bank Limited Right (R),absent_from_2026-08-13_source_table,never_queued,0,0
JSCLR1,Jahangi Sidd(R),absent_from_2026-08-13_source_table,never_queued,0,0
JVDCPS,Javedan Corporation (Pref),rejected_close_below_reported_low,never_queued,0,0
JVDCR1,JVDCR1,absent_from_2026-08-13_source_table,never_queued,0,0
KACM,Karim Cotton Mills Limited,absent_from_2026-08-13_source_table,never_queued,0,0
KAKL,Kaiser Arts & Krafts Limited,absent_from_2026-08-13_source_table,never_queued,0,0
KASBM,KASB Modaraba,absent_from_2026-08-13_source_table,never_queued,0,0
KCL,Karam Ceramics Limited,absent_from_2026-08-13_source_table,never_queued,0,0
LINDE,Linde Pakistan Limited,absent_from_2026-08-13_source_table,never_queued,0,0
LIVENR,Liven Pharma Limited(Right),absent_from_2026-08-13_source_table,never_queued,0,0
LMSM,Landmark Spinning Industries Limited,absent_from_2026-08-13_source_table,never_queued,0,0
LOADSR1,LOADS Limited (Right),absent_from_2026-08-13_source_table,never_queued,0,0
LPCL,Lafarge Pakistan Cement Limited,absent_from_2026-08-13_source_table,never_queued,0,0
LSECLR,LSE Capital Limited.(Right),absent_from_2026-08-13_source_table,never_queued,0,0
LSEPL,LSE Proptech Limited,absent_from_2026-08-13_source_table,never_queued,0,0
LSEVLR,LSE Ventures Limited(RIGHT),absent_from_2026-08-13_source_table,never_queued,0,0
MDTM,Mehr Dastgir Textile Mills Limited,absent_from_2026-08-13_source_table,never_queued,0,0
MERITR1,MERITR1,absent_from_2026-08-13_source_table,never_queued,0,0
META,MetaTech Trading Limited,absent_from_2026-08-13_source_table,never_queued,0,0
MFFLR1,Mitchells Fruit Farms Limited(Right),absent_from_2026-08-13_source_table,never_queued,0,0
MFTM,Mohammad Farooq Textile Mills Limited,absent_from_2026-08-13_source_table,never_queued,0,0
MLCFR1,Maple Leaf (R),absent_from_2026-08-13_source_table,never_queued,0,0
MODAM,Modaraba Al-Mali,absent_from_2026-08-13_source_table,never_queued,0,0
MODAMR1,MODARABA AL-MALI (R),absent_from_2026-08-13_source_table,never_queued,0,0
MOHE,Mohib Exports Limited,absent_from_2026-08-13_source_table,never_queued,0,0
MOIL,Morafco Industries Limited,absent_from_2026-08-13_source_table,never_queued,0,0
MOON,Moonlite (Pak) Limited,absent_from_2026-08-13_source_table,never_queued,0,0
MSOTPS,Masood Textile (Pref),absent_from_2026-08-13_source_table,never_queued,0,0
MTIL,Mian Textile Industries Limited,absent_from_2026-08-13_source_table,never_queued,0,0
MUBT,Mubarak Textile Mills Limited,absent_from_2026-08-13_source_table,never_queued,0,0
MUGHALR1,Mughal Iron (R),absent_from_2026-08-13_source_table,never_queued,0,0
MUKT,Mukhtar Textile Mills Limited,absent_from_2026-08-13_source_table,never_queued,0,0
MZSM,Mirza Sugar Mills Limited,absent_from_2026-08-13_source_table,never_queued,0,0
NAFL,National Fibres Limited,absent_from_2026-08-13_source_table,never_queued,0,0
NAGC,Nagina Cotton Mills Limited,absent_from_2026-08-13_source_table,never_queued,0,0
NATM,Nadeem Textile Mills Limited,rejected_close_below_reported_low,never_queued,0,0
NIB,NIB Bank Limited,absent_from_2026-08-13_source_table,never_queued,0,0
NINA,Nina Industries Limited,absent_from_2026-08-13_source_table,never_queued,0,0
NMFL,Nirala MSR Foods Limited,absent_from_2026-08-13_source_table,never_queued,0,0
NORS,Noor Silk Mills Limited,absent_from_2026-08-13_source_table,never_queued,0,0
NPSM,N. P. Spinning Mills Limited,absent_from_2026-08-13_source_table,never_queued,0,0
OBOYR1,Oilboy Energy(R),absent_from_2026-08-13_source_table,never_queued,0,0
OLSM,Olympia Spinning and Weaving Mills Limited,absent_from_2026-08-13_source_table,never_queued,0,0
ORIXM,Orix Modaraba,absent_from_2026-08-13_source_table,never_queued,0,0
PAKCEM,Pakcem Limited,absent_from_2026-08-13_source_table,never_queued,0,0
PAKMI,First Pak Modaraba,absent_from_2026-08-13_source_table,never_queued,0,0
PCML,Punjab Cotton Mill,absent_from_2026-08-13_source_table,never_queued,0,0
PDGH,Prudential Discourt & Guarantee House Lt,absent_from_2026-08-13_source_table,never_queued,0,0
PGCL,Pakistan Gum & Chemicals Limited,absent_from_2026-08-13_source_table,failed_no_validated_OHLCV,61,61
PGF,PICIC Growth Fund,absent_from_2026-08-13_source_table,never_queued,0,0
PGIC,Pakistan Guarantee Insurance Company Limited,absent_from_2026-08-13_source_table,never_queued,0,0
PHDL,Pakistan Hotels Developers Limited,absent_from_2026-08-13_source_table,never_queued,0,0
PIAA,Pakistan International Airlines Corp,absent_from_2026-08-13_source_table,never_queued,0,0
PIAB,Pakistan International Airlines Corporat,absent_from_2026-08-13_source_table,never_queued,0,0
PICL,Pakistan Industrial & Commercial Leasing,absent_from_2026-08-13_source_table,never_queued,0,0
PIF,PICIC Investment Fund,absent_from_2026-08-13_source_table,never_queued,0,0
PMI,First Prudential Modaraba,absent_from_2026-08-13_source_table,never_queued,0,0
PNGRS,Pangrio Sugar Mills Limited,absent_from_2026-08-13_source_table,never_queued,0,0
POWERR1,Power Cement (R),absent_from_2026-08-13_source_table,never_queued,0,0
PRIB,Prudential Investment Bank Limited,absent_from_2026-08-13_source_table,never_queued,0,0
PRIC,Progressive Insurance Company Limited,absent_from_2026-08-13_source_table,never_queued,0,0
PRLR1,Pak Refinery (R),absent_from_2026-08-13_source_table,never_queued,0,0
PSMC,Pak Suzuki Motor Company Limited,absent_from_2026-08-13_source_table,never_queued,0,0
PUDF,Prudential Stocks Fund Limited,absent_from_2026-08-13_source_table,never_queued,0,0
QUSW,Quality Steel Works Limited,absent_from_2026-08-13_source_table,never_queued,0,0
RAVT,Ravi Textile Mills Limited,absent_from_2026-08-13_source_table,never_queued,0,0
RCML,Reliance Cotton Spinning Mills Limited,absent_from_2026-08-13_source_table,never_queued,0,0
REGAL,Regal Ceramics Limited,absent_from_2026-08-13_source_table,never_queued,0,0
SALT,Salfi Textile Mills Limited,absent_from_2026-08-13_source_table,never_queued,0,0
SANE,Salman Noman Enterprises Limited,absent_from_2026-08-13_source_table,never_queued,0,0
SAPL,Sanofi-Aventis Pakistan Limited,absent_from_2026-08-13_source_table,never_queued,0,0
SCHT,Schon Textiles Limited,absent_from_2026-08-13_source_table,never_queued,0,0
SCL,Shield Corporation Limited,absent_from_2026-08-13_source_table,never_queued,0,0
SDIL,Saleem Denim Industries Limited,absent_from_2026-08-13_source_table,never_queued,0,0
SDOT,Sadoon Textile Industries Limited,absent_from_2026-08-13_source_table,never_queued,0,0
SEARLR1,Searl Company(R),absent_from_2026-08-13_source_table,never_queued,0,0
SEPCO,Southern Electric Power Company Limited,absent_from_2026-08-13_source_table,never_queued,0,0
SERF,Service Fabrics Limited,absent_from_2026-08-13_source_table,never_queued,0,0
SFAT,Safa Textiles Limited,absent_from_2026-08-13_source_table,never_queued,0,0
SFLL,SFL Limited,absent_from_2026-08-13_source_table,never_queued,0,0
SGABL,SG.Allied Businesses Limited,absent_from_2026-08-13_source_table,failed_no_validated_OHLCV,61,61
SGFL,S.G.Fiber Limited,absent_from_2026-08-13_source_table,never_queued,0,0
SHCI,Shaffi Chemical Industries Limited,absent_from_2026-08-13_source_table,never_queued,0,0
SHDTR1,Shadab Textile Mills Limited(Right),absent_from_2026-08-13_source_table,never_queued,0,0
SHEL,Shell Pakistan Limited,absent_from_2026-08-13_source_table,never_queued,0,0
SICL,Standard Insurance Company Limited,absent_from_2026-08-13_source_table,never_queued,0,0
SILK,Silkbank Limited,absent_from_2026-08-13_source_table,never_queued,0,0
SING,Singer Pakistan,absent_from_2026-08-13_source_table,failed_no_validated_OHLCV,61,61
SJTM,Sajjad Textile Mills Limited,absent_from_2026-08-13_source_table,never_queued,0,0
SLCL,Security Leasing Corporation Limited,absent_from_2026-08-13_source_table,never_queued,0,0
SLL,SME Leasing Limited,absent_from_2026-08-13_source_table,never_queued,0,0
SLSO,Saleem Sugar Mills Limited,absent_from_2026-08-13_source_table,never_queued,0,0
SLSOPP,SLSOPP,absent_from_2026-08-13_source_table,never_queued,0,0
SLSOPVI,SLSOPVI,absent_from_2026-08-13_source_table,never_queued,0,0
SMBL,Summit Bank Limited,absent_from_2026-08-13_source_table,never_queued,0,0
SMBLCPSA,Summit Bank,absent_from_2026-08-13_source_table,never_queued,0,0
SMBLCPSB,Summit Bank B,absent_from_2026-08-13_source_table,never_queued,0,0
SMLR1,SMLR1,absent_from_2026-08-13_source_table,never_queued,0,0
SMTM,Samin Textiles Limited,absent_from_2026-08-13_source_table,never_queued,0,0
SPCL,Saudi Pak Consultancy Company Limited,absent_from_2026-08-13_source_table,never_queued,0,0
SPLC,Saudi Pak Leasing Company Limited,absent_from_2026-08-13_source_table,never_queued,0,0
SPLCTFC3,SPLCTFC3,absent_from_2026-08-13_source_table,never_queued,0,0
SRSM,Sargodha Spinning Mills Limited,absent_from_2026-08-13_source_table,never_queued,0,0
SSIC,Silver Star Insurance Company Limited,absent_from_2026-08-13_source_table,never_queued,0,0
SUCM,Sunshine Cotton Mills Limited,absent_from_2026-08-13_source_table,never_queued,0,0
SURAJ,Suraj Ghee Industries Limited,absent_from_2026-08-13_source_table,never_queued,0,0
SWL,Standard Worldwide Limited,absent_from_2026-08-13_source_table,never_queued,0,0
TAJT,Taj Textile Mills Limited,absent_from_2026-08-13_source_table,never_queued,0,0
TCLTC,Treet Corporation (Ptc),absent_from_2026-08-13_source_table,never_queued,0,0
TCORPR1,Tariq Corporation (Pvt) Ltd (R),absent_from_2026-08-13_source_table,never_queued,0,0
TCORPR2,Tariq Corporation Limited(Right),absent_from_2026-08-13_source_table,never_queued,0,0
TDIL,TPL Direct Insurance Limited,absent_from_2026-08-13_source_table,never_queued,0,0
THAS,Taha Spinning Mills Limited,absent_from_2026-08-13_source_table,never_queued,0,0
TREI,Transmission Engineering Industries Limited,absent_from_2026-08-13_source_table,never_queued,0,0
TRIBL,Trust Investment Bank Limited,absent_from_2026-08-13_source_table,never_queued,0,0
TRPOL,Tri-Star Polyester Limited,absent_from_2026-08-13_source_table,never_queued,0,0
UBLGSFO,UBLGSFO,absent_from_2026-08-13_source_table,never_queued,0,0
UNITYR1,Unity Foods(R),absent_from_2026-08-13_source_table,never_queued,0,0
USMT,Usman Textile Mills Limited,absent_from_2026-08-13_source_table,never_queued,0,0
WASLR,Wasl Mobility Modaraba(Right),absent_from_2026-08-13_source_table,never_queued,0,0
WAVESR1,Waves Singer Pakistan Limited (R),absent_from_2026-08-13_source_table,never_queued,0,0
ZELP,Zeal Pak Cement Factory Limited,absent_from_2026-08-13_source_table,never_queued,0,0
ZHCM,Zahur Cotton Mills Limited,absent_from_2026-08-13_source_table,never_queued,0,0
